title,handle,description,price,compare_at_price,cost_price,sku,stock_quantity,category_name,category_slug,brand,image_url,tags,highlights,box_contents
"Royal Solitaire Diamond Ring 18K Gold","royal-solitaire-diamond-ring-18k-gold","Exquisite 18K Yellow Gold ring featuring a brilliant 1-Carat VVS Solitaire Diamond set in a classic 6-prong crown setting.",34999,45999,22000,"JWL-RNG-101",25,"Jewelry","jewelry","RoyalCraft Jewellers","https://images.unsplash.com/photo-1605100804763-247f67b3557e?w=800","jewelry, ring, diamond, gold, bridal","VVS1 Clarity Solitaire Diamond|18K Hallmark Certified Gold|Comfort-fit ergonomic band|Lifetime Authenticity Certificate","1x Diamond Ring, 1x Velvet Gift Box, 1x BIS Hallmark Certificate"
"Elegance Kundan Polki Choker Necklace Set","elegance-kundan-polki-choker-necklace-set","Handcrafted royal Kundan choker necklace set with matching dangling earrings studded with cultured pearls.",12999,18999,7500,"JWL-NCK-102",30,"Jewelry","jewelry","Artisan Heritage","https://images.unsplash.com/photo-1599643478518-a784e5dc4c8f?w=800","jewelry, necklace, kundan, bridal, festive","Handcrafted Uncut Kundan Stones|Adjustable Silk Dori Thread|Includes Matching Jhumka Earrings|24K Micro Gold Polish","1x Kundan Choker Necklace, 1 Pair Earrings, 1x Luxury Box"
"Classic Sterling Silver Solitaire Stud Earrings","classic-sterling-silver-solitaire-stud-earrings","925 Sterling Silver stud earrings set with sparkling Swiss Zirconia crystals for everyday elegance.",1499,2499,600,"JWL-ERR-103",50,"Jewelry","jewelry","Shine & Co","https://images.unsplash.com/photo-1535632066927-ab7c9ab60908?w=800","jewelry, earrings, silver, studs, minimalist","925 Pure Sterling Silver|Anti-tarnish Rhodium Coating|Hypoallergenic Nickel-Free|Secure Screw-Back Closure","1 Pair Stud Earrings, 1x Silver Care Cloth, 1x Pouch"
"Vintage Emerald Cut Gemstone Gold Bracelet","vintage-emerald-cut-gemstone-gold-bracelet","Stunning 14K Gold chain bracelet featuring vibrant emerald-cut green crystal gemstones and zircon accents.",8999,12999,5000,"JWL-BRC-104",20,"Jewelry","jewelry","RoyalCraft Jewellers","https://images.unsplash.com/photo-1611591475179-67049448a52e?w=800","jewelry, bracelet, emerald, gold, vintage","Deep Green Emerald-Cut Crystals|14K Durable Gold Plating|Safety Fold-Over Clasp|Scratch-Resistant Polish","1x Gemstone Bracelet, 1x Luxury Satin Box"
"Pure 24K Gold Plated Traditional Bangle Set","pure-24k-gold-plated-traditional-bangle-set","Set of 4 traditional intricately carved gold-plated bangles with micro-etched floral patterns.",3999,5999,2000,"JWL-BNG-105",40,"Jewelry","jewelry","Artisan Heritage","https://images.unsplash.com/photo-1617038260897-41a1f14a8ca0?w=800","jewelry, bangles, gold, traditional, wedding","Set of 4 Stackable Bangles|24K Micron Gold Plated Brass|Engraved Heritage Carvings|Tarnish-Resistant Coating","4x Gold Plated Bangles, 1x Velvet Roll Storage Bag"
"Diamond Teardrop Pendant with Platinum Chain","diamond-teardrop-pendant-with-platinum-chain","Elegant teardrop-shaped diamond pendant crafted in PT950 Platinum with an 18-inch delicate platinum chain.",28999,36999,18000,"JWL-PND-106",15,"Jewelry","jewelry","BotCom Luxe","https://images.unsplash.com/photo-1599643477877-530eb83abc8e?w=800","jewelry, pendant, platinum, diamond, necklace","PT950 Certified Platinum|Natural Certified Diamonds|18-inch Platinum Chain Included|Waterproof & Anti-Allergic","1x Platinum Diamond Pendant & Chain, 1x Certificate"
"Princess Cut Ruby Stud Earrings 14K Gold","princess-cut-ruby-stud-earrings-14k-gold","Deep crimson red princess-cut synthetic ruby studs encased in 14K yellow gold claw settings.",5499,7999,3000,"JWL-ERR-107",35,"Jewelry","jewelry","Shine & Co","https://images.unsplash.com/photo-1630019852942-f89202989a59?w=800","jewelry, ruby, earrings, studs, gold","Vibrant Red Gemstone|14K Solid Gold Prong Setting|Lightweight Everyday Wear|Friction Post Backs","1 Pair Ruby Stud Earrings, 1x Premium Gift Box"
"Imperial Pearl Choker Necklace with Diamond Clasp","imperial-pearl-choker-necklace-with-diamond-clasp","Multi-strand freshwater cultured pearl choker featuring a vintage diamond-encrusted silver clasp.",15999,22999,9000,"JWL-NCK-108",18,"Jewelry","jewelry","RoyalCraft Jewellers","https://images.unsplash.com/photo-1515562141207-7a88fb7ce338?w=800","jewelry, pearl, necklace, choker, luxury","Triple-Strand Natural Cultured Pearls|Sterling Silver Diamond Clasp|Silk Thread Knotting|Lustrous Nacre Finish","1x Pearl Choker Necklace, 1x Leatherette Display Case"
"Solitaire Diamond Engagement Ring 14K Rose Gold","solitaire-diamond-engagement-ring-14k-rose-gold","Romantic 14K Rose Gold band with a brilliant round solitaire diamond in a pavé halo setting.",29999,39999,19000,"JWL-RNG-109",22,"Jewelry","jewelry","BotCom Luxe","https://images.unsplash.com/photo-1603561591411-07134e71a2a9?w=800","jewelry, ring, engagement, rose-gold, diamond","14K Warm Rose Gold|0.75 Carat Natural Diamond|Pavé Accent Side Stones|Custom Ring Box Included","1x Solitaire Engagement Ring, 1x LED Gift Box"
"Traditional Temple Gold Coin Necklace","traditional-temple-gold-coin-necklace","South Indian Lakshmi Kasu Mala gold coin necklace with intricate antique matte gold finish.",9999,14999,5500,"JWL-NCK-110",25,"Jewelry","jewelry","Artisan Heritage","https://images.unsplash.com/photo-1602751584552-8ba73aad10e1?w=800","jewelry, temple, necklace, coin, gold","Traditional Kasu Mala Design|Antique Gold Matte Finish|Heavy Duty Adjustable Chain|Perfect for Festive Sarees","1x Temple Gold Coin Necklace, 1x Heritage Storage Box"
"Luxury Sapphire & Diamond Halo Pendant","luxury-sapphire-and-diamond-halo-pendant","Deep royal blue sapphire gemstone surrounded by a sparkling halo of round brilliant diamonds.",18999,25999,11000,"JWL-PND-111",20,"Jewelry","jewelry","RoyalCraft Jewellers","https://images.unsplash.com/photo-1600003014608-a2cb7b22a00c?w=800","jewelry, sapphire, pendant, halo, blue","Oval Royal Blue Gemstone|Micro-set Cubic Zirconia Halo|18K White Gold Plated Chain|Tarnish Free","1x Sapphire Halo Pendant & Chain, 1x Velvet Case"
"Sterling Silver Adjustable Crystal Anklet Set","sterling-silver-adjustable-crystal-anklet-set","Pair of delicate 925 Sterling Silver payal anklets adorned with ringing silver bells and zircon drops.",2499,3999,1200,"JWL-ANK-112",45,"Jewelry","jewelry","Shine & Co","https://images.unsplash.com/photo-1611591475179-67049448a52e?w=800","jewelry, anklet, payal, silver, traditional","925 Hallmarked Pure Silver|Adjustable Length 9 to 10.5 inches|Soft Ringing Bell Charms|High Polish Shine","1 Pair Silver Anklets, 1x Care Cloth, 1x Pouch"
"Artisan Floral Kundan Jhumka Earrings","artisan-floral-kundan-jhumka-earrings","Exquisite oversized floral Kundan jhumkis featuring emerald green beads and pearl drop tassels.",4999,7499,2500,"JWL-ERR-113",30,"Jewelry","jewelry","Artisan Heritage","https://images.unsplash.com/photo-1535632066927-ab7c9ab60908?w=800","jewelry, jhumka, earrings, kundan, ethnic","Oversized Ethnic Statement Jhumka|Pearl Tassels & Green Beads|Gold Plated Brass Base|Lightweight Design","1 Pair Kundan Jhumka Earrings, 1x Velvet Box"
"Opal Elegance Halo Cocktail Ring","opal-elegance-halo-cocktail-ring","Iridescent Ethiopian Opal cocktail ring surrounded by double halos of sparkling zircon crystals.",7999,11999,4200,"JWL-RNG-114",28,"Jewelry","jewelry","Shine & Co","https://images.unsplash.com/photo-1605100804763-247f67b3557e?w=800","jewelry, opal, ring, cocktail, gemstone","Natural Iridescent Opal Gemstone|Double Halo Crystal Setting|Adjustable Band Size|Premium Platinum Polish","1x Opal Cocktail Ring, 1x Display Case"
"18K Yellow Gold Box Chain Necklace (20-inch)","18k-yellow-gold-box-chain-necklace-20in","Solid 18K Yellow Gold 2mm box chain necklace with lobster claw clasp for standalone wear or pendants.",16999,21999,10500,"JWL-CHN-115",30,"Jewelry","jewelry","RoyalCraft Jewellers","https://images.unsplash.com/photo-1599643478518-a784e5dc4c8f?w=800","jewelry, chain, gold, 18k, unisex","18K BIS Hallmarked Solid Gold|20-inch Length / 2mm Thickness|Sturdy Lobster Claw Lock|Daily Wear Durable","1x 18K Gold Box Chain, 1x BIS Certificate"
"Celestial Starburst Diamond Hoop Earrings","celestial-starburst-diamond-hoop-earrings","Modern 18K White Gold hinged hoop earrings featuring starburst diamond motifs along the front curve.",14999,19999,8500,"JWL-ERR-116",22,"Jewelry","jewelry","BotCom Luxe","https://images.unsplash.com/photo-1535632066927-ab7c9ab60908?w=800","jewelry, hoops, earrings, diamond, white-gold","Starburst Motif Engravings|Hinged Snap-Bar Closure|18K White Gold Plated|Hypoallergenic Comfort Fit","1 Pair Diamond Hoop Earrings, 1x Luxury Box"
"Royal Velvet Gift Box Diamond Brooch","royal-velvet-gift-box-diamond-brooch","Vintage Victorian style brooch pin set with marquise crystals and a tear-drop pearl for suits & sarees.",3299,4999,1400,"JWL-BRC-117",35,"Jewelry","jewelry","Artisan Heritage","https://images.unsplash.com/photo-1611591475179-67049448a52e?w=800","jewelry, brooch, pin, vintage, pearl","Victorian Antique Style|Safety Pin Locking Mechanism|Crystal & Pearl Embellishments|Comes in Wooden Box","1x Brooch Pin, 1x Wooden Gift Case"
"Rose Gold Cubic Zirconia Tennis Bracelet","rose-gold-cubic-zirconia-tennis-bracelet","Continuous line of AAA+ Swiss Zirconia crystals prong-set in an 18K Rose Gold plated tennis bracelet.",4499,6999,2100,"JWL-BRC-118",40,"Jewelry","jewelry","Shine & Co","https://images.unsplash.com/photo-1611591475179-67049448a52e?w=800","jewelry, tennis-bracelet, rose-gold, bracelet, zircon","AAA+ Swiss Cubic Zirconia|Double Safety Latch Clasp|Flexible 7-inch Standard Length|Luxurious Rose Gold Finish","1x CZ Tennis Bracelet, 1x Velvet Pouch"
"Luxury Pearl & Diamond Drop Dangle Earrings","luxury-pearl-and-diamond-drop-dangle-earrings","Graceful drop dangle earrings featuring lustrous South Sea pearls beneath a cluster of round diamonds.",11999,16999,6800,"JWL-ERR-119",25,"Jewelry","jewelry","BotCom Luxe","https://images.unsplash.com/photo-1535632066927-ab7c9ab60908?w=800","jewelry, pearl, earrings, dangle, diamond","Natural South Sea Cultured Pearls|Diamond Accent Cluster|18K White Gold Plated Silver|Elegant Evening Wear","1 Pair Pearl Drop Earrings, 1x Satin Box"
"Vintage Antique Brass Statement Cuff","vintage-antique-brass-statement-cuff","Bold tribal antique brass cuff bracelet with intricate hand-engraved bohemian patterns.",2199,3499,900,"JWL-BRC-120",50,"Jewelry","jewelry","Artisan Heritage","https://images.unsplash.com/photo-1617038260897-41a1f14a8ca0?w=800","jewelry, cuff, bracelet, brass, bohemian","Open Adjustable Cuff Fit|Hand-Carved Tribal Motifs|Antique Oxidized Brass Finish|Sturdy Heavyweight Build","1x Vintage Brass Cuff Bracelet, 1x Cloth Pouch"
